{
  "type": "FeatureCollection",
  "bbox": [
    140.961681984,
    -39.136740055,
    149.976679008,
    -33.9804255865
  ],
  "crs": {
    "type": "name",
    "properties": {
      "name": "EPSG:4283"
    }
  },
  "features": [
    {
      "type": "Feature",
      "geometry": {
        "type": "Point",
        "coordinates": [
          143.767584849795,
          -37.5194192
        ]
      },
      "properties": {
        "lga": "Ballarat (C)",
        "osm": 3291925,
        "b40_theft": 34440
      }
    },
    {
      "type": "Feature",
      "geometry": {
        "type": "Point",
        "coordinates": [
          145.0701284,
          -37.7524788
        ]
      },
      "properties": {
        "lga": "Banyule (C)",
        "osm": 2379706,
        "b40_theft": 27324
      }
    },
    {
      "type": "Feature",
      "geometry": {
        "type": "Point",
        "coordinates": [
          145.609396378691,
          -38.3699422
        ]
      },
      "properties": {
        "lga": "Bass Coast (S)",
        "osm": 3877880,
        "b40_theft": 6145
      }
    },
    {
      "type": "Feature",
      "geometry": {
        "type": "Point",
        "coordinates": [
          145.463980625,
          -38.493495
        ]
      },
      "properties": {
        "lga": "Baw Baw (S)",
        "osm": 2462898,
        "b40_theft": 8252
      }
    },
    {
      "type": "Feature",
      "geometry": {
        "type": "Point",
        "coordinates": [
          145.017752562162,
          -37.93978075
        ]
      },
      "properties": {
        "lga": "Bayside (C)",
        "osm": 3333042,
        "b40_theft": 15942
      }
    },
    {
      "type": "Feature",
      "geometry": {
        "type": "Point",
        "coordinates": [
          145.990987745356,
          -36.570455
        ]
      },
      "properties": {
        "lga": "Benalla (RC)",
        "osm": 2556986,
        "b40_theft": 2348
      }
    },
    {
      "type": "Feature",
      "geometry": {
        "type": "Point",
        "coordinates": [
          145.061203310545,
          -37.8268263
        ]
      },
      "properties": {
        "lga": "Boroondara (C)",
        "osm": 2404473,
        "b40_theft": 28779
      }
    },
    {
      "type": "Feature",
      "geometry": {
        "type": "Point",
        "coordinates": [
          146.987330873089,
          -36.83381
        ]
      },
      "properties": {
        "lga": "Alpine (S)",
        "osm": 3361217,
        "b40_theft": 1030
      }
    },
    {
      "type": "Feature",
      "geometry": {
        "type": "Point",
        "coordinates": [
          142.983312986577,
          -37.26608
        ]
      },
      "properties": {
        "lga": "Ararat (RC)",
        "osm": 3152384,
        "b40_theft": 2149
      }
    },
    {
      "type": "Feature",
      "geometry": {
        "type": "Point",
        "coordinates": [
          144.805245490836,
          -37.743175
        ]
      },
      "properties": {
        "lga": "Brimbank (C)",
        "osm": 3327554,
        "b40_theft": 67055
      }
    },
    {
      "type": "Feature",
      "geometry": {
        "type": "Point",
        "coordinates": [
          142.992889499804,
          -35.84494485
        ]
      },
      "properties": {
        "lga": "Buloke (S)",
        "osm": 3345547,
        "b40_theft": 727
      }
    },
    {
      "type": "Feature",
      "geometry": {
        "type": "Point",
        "coordinates": [
          144.715998419775,
          -36.32070755
        ]
      },
      "properties": {
        "lga": "Campaspe (S)",
        "osm": 3347273,
        "b40_theft": 8496
      }
    },
    {
      "type": "Feature",
      "geometry": {
        "type": "Point",
        "coordinates": [
          145.421166606992,
          -38.13432
        ]
      },
      "properties": {
        "lga": "Cardinia (S)",
        "osm": 2436569,
        "b40_theft": 16461
      }
    },
    {
      "type": "Feature",
      "geometry": {
        "type": "Point",
        "coordinates": [
          145.310843428592,
          -38.092765
        ]
      },
      "properties": {
        "lga": "Casey (C)",
        "osm": 3333276,
        "b40_theft": 59698
      }
    },
    {
      "type": "Feature",
      "geometry": {
        "type": "Point",
        "coordinates": [
          143.705967507724,
          -36.9790045
        ]
      },
      "properties": {
        "lga": "Central Goldfields (S)",
        "osm": 3351397,
        "b40_theft": 2306
      }
    },
    {
      "type": "Feature",
      "geometry": {
        "type": "Point",
        "coordinates": [
          143.580636499633,
          -38.339655
        ]
      },
      "properties": {
        "lga": "Colac-Otway (S)",
        "osm": 3145220,
        "b40_theft": 3859
      }
    },
    {
      "type": "Feature",
      "geometry": {
        "type": "Point",
        "coordinates": [
          143.12738153095,
          -38.216015
        ]
      },
      "properties": {
        "lga": "Corangamite (S)",
        "osm": 3291894,
        "b40_theft": 1909
      }
    },
    {
      "type": "Feature",
      "geometry": {
        "type": "Point",
        "coordinates": [
          145.006957613303,
          -37.738305
        ]
      },
      "properties": {
        "lga": "Darebin (C)",
        "osm": 2404379,
        "b40_theft": 56421
      }
    },
    {
      "type": "Feature",
      "geometry": {
        "type": "Point",
        "coordinates": [
          148.508062755235,
          -37.3466157
        ]
      },
      "properties": {
        "lga": "East Gippsland (S)",
        "osm": 3359756,
        "b40_theft": 8811
      }
    },
    {
      "type": "Feature",
      "geometry": {
        "type": "Point",
        "coordinates": [
          145.174443611654,
          -38.1349849
        ]
      },
      "properties": {
        "lga": "Frankston (C)",
        "osm": 3333252,
        "b40_theft": 44863
      }
    },
    {
      "type": "Feature",
      "geometry": {
        "type": "Point",
        "coordinates": [
          144.097709642857,
          -35.71065
        ]
      },
      "properties": {
        "lga": "Gannawarra (S)",
        "osm": 3100283,
        "b40_theft": 1314
      }
    },
    {
      "type": "Feature",
      "geometry": {
        "type": "Point",
        "coordinates": [
          145.415101582579,
          -36.38562435
        ]
      },
      "properties": {
        "lga": "Greater Shepparton (C)",
        "osm": 2503027,
        "b40_theft": 17821
      }
    },
    {
      "type": "Feature",
      "geometry": {
        "type": "Point",
        "coordinates": [
          144.133503529597,
          -37.309615
        ]
      },
      "properties": {
        "lga": "Hepburn (S)",
        "osm": 2756289,
        "b40_theft": 2156
      }
    },
    {
      "type": "Feature",
      "geometry": {
        "type": "Point",
        "coordinates": [
          138.5699532,
          -34.9066222
        ]
      },
      "properties": {
        "lga": "Hindmarsh (S)",
        "osm": 8355115,
        "b40_theft": 581
      }
    },
    {
      "type": "Feature",
      "geometry": {
        "type": "Point",
        "coordinates": [
          144.836582978282,
          -37.85667205
        ]
      },
      "properties": {
        "lga": "Hobsons Bay (C)",
        "osm": 2432415,
        "b40_theft": 25755
      }
    },
    {
      "type": "Feature",
      "geometry": {
        "type": "Point",
        "coordinates": [
          142.196293135453,
          -36.7271311
        ]
      },
      "properties": {
        "lga": "Horsham (RC)",
        "osm": 3169693,
        "b40_theft": 6141
      }
    },
    {
      "type": "Feature",
      "geometry": {
        "type": "Point",
        "coordinates": [
          144.823538850211,
          -37.59706
        ]
      },
      "properties": {
        "lga": "Hume (C)",
        "osm": 3327634,
        "b40_theft": 56695
      }
    },
    {
      "type": "Feature",
      "geometry": {
        "type": "Point",
        "coordinates": [
          146.660922188098,
          -36.2088
        ]
      },
      "properties": {
        "lga": "Indigo (S)",
        "osm": 3365369,
        "b40_theft": 1309
      }
    },
    {
      "type": "Feature",
      "geometry": {
        "type": "Point",
        "coordinates": [
          145.111036933857,
          -38.004705
        ]
      },
      "properties": {
        "lga": "Kingston (C)",
        "osm": 3333046,
        "b40_theft": 35718
      }
    },
    {
      "type": "Feature",
      "geometry": {
        "type": "Point",
        "coordinates": [
          145.26585722335,
          -37.898995
        ]
      },
      "properties": {
        "lga": "Knox (C)",
        "osm": 3333971,
        "b40_theft": 36437
      }
    },
    {
      "type": "Feature",
      "geometry": {
        "type": "Point",
        "coordinates": [
          146.454700982869,
          -38.25394
        ]
      },
      "properties": {
        "lga": "Latrobe (C)",
        "osm": 3355071,
        "b40_theft": 24399
      }
    },
    {
      "type": "Feature",
      "geometry": {
        "type": "Point",
        "coordinates": [
          143.894002378801,
          -36.403588
        ]
      },
      "properties": {
        "lga": "Loddon (S)",
        "osm": 3344106,
        "b40_theft": 1036
      }
    },
    {
      "type": "Feature",
      "geometry": {
        "type": "Point",
        "coordinates": [
          144.564177799034,
          -37.424285
        ]
      },
      "properties": {
        "lga": "Macedon Ranges (S)",
        "osm": 2447705,
        "b40_theft": 4915
      }
    },
    {
      "type": "Feature",
      "geometry": {
        "type": "Point",
        "coordinates": [
          145.185160744185,
          -37.757065
        ]
      },
      "properties": {
        "lga": "Manningham (C)",
        "osm": 2405038,
        "b40_theft": 15510
      }
    },
    {
      "type": "Feature",
      "geometry": {
        "type": "Point",
        "coordinates": [
          146.029357575641,
          -37.046085
        ]
      },
      "properties": {
        "lga": "Mansfield (S)",
        "osm": 2530933,
        "b40_theft": 1274
      }
    },
    {
      "type": "Feature",
      "geometry": {
        "type": "Point",
        "coordinates": [
          144.874426186247,
          -37.79163
        ]
      },
      "properties": {
        "lga": "Maribyrnong (C)",
        "osm": 3330965,
        "b40_theft": 38384
      }
    },
    {
      "type": "Feature",
      "geometry": {
        "type": "Point",
        "coordinates": [
          145.261326722426,
          -37.80380345
        ]
      },
      "properties": {
        "lga": "Maroondah (C)",
        "osm": 3333992,
        "b40_theft": 25404
      }
    },
    {
      "type": "Feature",
      "geometry": {
        "type": "Point",
        "coordinates": [
          144.9631608,
          -37.8142176
        ]
      },
      "properties": {
        "lga": "Melbourne (C)",
        "osm": 2404870,
        "b40_theft": 122883
      }
    },
    {
      "type": "Feature",
      "geometry": {
        "type": "Point",
        "coordinates": [
          144.635894093768,
          -37.681895
        ]
      },
      "properties": {
        "lga": "Melton (S)",
        "osm": 3327545,
        "b40_theft": 31321
      }
    },
    {
      "type": "Feature",
      "geometry": {
        "type": "Point",
        "coordinates": [
          142.135431109256,
          -34.2110783
        ]
      },
      "properties": {
        "lga": "Mildura (RC)",
        "osm": 3116010,
        "b40_theft": 14870
      }
    },
    {
      "type": "Feature",
      "geometry": {
        "type": "Point",
        "coordinates": [
          144.976479175449,
          -37.174675
        ]
      },
      "properties": {
        "lga": "Mitchell (S)",
        "osm": 3327815,
        "b40_theft": 7033
      }
    },
    {
      "type": "Feature",
      "geometry": {
        "type": "Point",
        "coordinates": [
          145.580841115311,
          -36.05066
        ]
      },
      "properties": {
        "lga": "Moira (S)",
        "osm": 3365119,
        "b40_theft": 3892
      }
    },
    {
      "type": "Feature",
      "geometry": {
        "type": "Point",
        "coordinates": [
          145.141285869959,
          -37.896766
        ]
      },
      "properties": {
        "lga": "Monash (C)",
        "osm": 2905535,
        "b40_theft": 37673
      }
    },
    {
      "type": "Feature",
      "geometry": {
        "type": "Point",
        "coordinates": [
          144.88748113173,
          -37.749525
        ]
      },
      "properties": {
        "lga": "Moonee Valley (C)",
        "osm": 3329056,
        "b40_theft": 33413
      }
    },
    {
      "type": "Feature",
      "geometry": {
        "type": "Point",
        "coordinates": [
          144.216556420886,
          -37.63360615
        ]
      },
      "properties": {
        "lga": "Moorabool (S)",
        "osm": 3291957,
        "b40_theft": 5696
      }
    },
    {
      "type": "Feature",
      "geometry": {
        "type": "Point",
        "coordinates": [
          144.955800803601,
          -37.735535
        ]
      },
      "properties": {
        "lga": "Moreland (C)",
        "osm": 3327767,
        "b40_theft": 49655
      }
    },
    {
      "type": "Feature",
      "geometry": {
        "type": "Point",
        "coordinates": [
          145.088543163317,
          -38.243315
        ]
      },
      "properties": {
        "lga": "Mornington Peninsula (S)",
        "osm": 3892947,
        "b40_theft": 30743
      }
    },
    {
      "type": "Feature",
      "geometry": {
        "type": "Point",
        "coordinates": [
          144.275805877096,
          -37.07579
        ]
      },
      "properties": {
        "lga": "Mount Alexander (S)",
        "osm": 3339104,
        "b40_theft": 2529
      }
    },
    {
      "type": "Feature",
      "geometry": {
        "type": "Point",
        "coordinates": [
          142.371999096316,
          -38.18755
        ]
      },
      "properties": {
        "lga": "Moyne (S)",
        "osm": 3347615,
        "b40_theft": 1574
      }
    },
    {
      "type": "Feature",
      "geometry": {
        "type": "Point",
        "coordinates": [
          145.553463169619,
          -37.28146
        ]
      },
      "properties": {
        "lga": "Murrindindi (S)",
        "osm": 2454132,
        "b40_theft": 1877
      }
    },
    {
      "type": "Feature",
      "geometry": {
        "type": "Point",
        "coordinates": [
          145.244973270168,
          -37.614905
        ]
      },
      "properties": {
        "lga": "Nillumbik (S)",
        "osm": 3331023,
        "b40_theft": 7053
      }
    },
    {
      "type": "Feature",
      "geometry": {
        "type": "Point",
        "coordinates": [
          143.022667039474,
          -36.84963
        ]
      },
      "properties": {
        "lga": "Northern Grampians (S)",
        "osm": 3348880,
        "b40_theft": 1875
      }
    },
    {
      "type": "Feature",
      "geometry": {
        "type": "Point",
        "coordinates": [
          144.982940539032,
          -37.858645
        ]
      },
      "properties": {
        "lga": "Port Phillip (C)",
        "osm": 2404889,
        "b40_theft": 45611
      }
    },
    {
      "type": "Feature",
      "geometry": {
        "type": "Point",
        "coordinates": [
          143.424056053876,
          -37.32798315
        ]
      },
      "properties": {
        "lga": "Pyrenees (S)",
        "osm": 3291903,
        "b40_theft": 1135
      }
    },
    {
      "type": "Feature",
      "geometry": {
        "type": "Point",
        "coordinates": [
          144.664295624918,
          -38.2652212
        ]
      },
      "properties": {
        "lga": "Queenscliffe (B)",
        "osm": 3290265,
        "b40_theft": 1036
      }
    },
    {
      "type": "Feature",
      "geometry": {
        "type": "Point",
        "coordinates": [
          146.016769147163,
          -38.69907
        ]
      },
      "properties": {
        "lga": "South Gippsland (S)",
        "osm": 3335917,
        "b40_theft": 2956
      }
    },
    {
      "type": "Feature",
      "geometry": {
        "type": "Point",
        "coordinates": [
          141.958050868498,
          -37.52826
        ]
      },
      "properties": {
        "lga": "Southern Grampians (S)",
        "osm": 3349959,
        "b40_theft": 2268
      }
    },
    {
      "type": "Feature",
      "geometry": {
        "type": "Point",
        "coordinates": [
          145.03914073484,
          -37.8613851
        ]
      },
      "properties": {
        "lga": "Stonnington (C)",
        "osm": 2404995,
        "b40_theft": 40237
      }
    },
    {
      "type": "Feature",
      "geometry": {
        "type": "Point",
        "coordinates": [
          145.752216894947,
          -36.86939
        ]
      },
      "properties": {
        "lga": "Strathbogie (S)",
        "osm": 2530935,
        "b40_theft": 1427
      }
    },
    {
      "type": "Feature",
      "geometry": {
        "type": "Point",
        "coordinates": [
          144.097826495114,
          -38.3397143
        ]
      },
      "properties": {
        "lga": "Surf Coast (S)",
        "osm": 3290432,
        "b40_theft": 4884
      }
    },
    {
      "type": "Feature",
      "geometry": {
        "type": "Point",
        "coordinates": [
          143.512686496089,
          -35.36206
        ]
      },
      "properties": {
        "lga": "Swan Hill (RC)",
        "osm": 3106206,
        "b40_theft": 4142
      }
    },
    {
      "type": "Feature",
      "geometry": {
        "type": "Point",
        "coordinates": [
          147.602555922733,
          -36.3659675
        ]
      },
      "properties": {
        "lga": "Towong (S)",
        "osm": 3361220,
        "b40_theft": 546
      }
    },
    {
      "type": "Feature",
      "geometry": {
        "type": "Point",
        "coordinates": [
          146.312025888889,
          -36.3653
        ]
      },
      "properties": {
        "lga": "Wangaratta (RC)",
        "osm": 2562060,
        "b40_theft": 5236
      }
    },
    {
      "type": "Feature",
      "geometry": {
        "type": "Point",
        "coordinates": [
          142.486467125823,
          -38.369875
        ]
      },
      "properties": {
        "lga": "Warrnambool (C)",
        "osm": 3161053,
        "b40_theft": 5700
      }
    },
    {
      "type": "Feature",
      "geometry": {
        "type": "Point",
        "coordinates": [
          146.925931320949,
          -37.95551
        ]
      },
      "properties": {
        "lga": "Wellington (S)",
        "osm": 3351438,
        "b40_theft": 8954
      }
    },
    {
      "type": "Feature",
      "geometry": {
        "type": "Point",
        "coordinates": [
          141.40117997583,
          -36.57850645
        ]
      },
      "properties": {
        "lga": "West Wimmera (S)",
        "osm": 3345520,
        "b40_theft": 375
      }
    },
    {
      "type": "Feature",
      "geometry": {
        "type": "Point",
        "coordinates": [
          145.156434400288,
          -37.8285963
        ]
      },
      "properties": {
        "lga": "Whitehorse (C)",
        "osm": 2406273,
        "b40_theft": 29151
      }
    },
    {
      "type": "Feature",
      "geometry": {
        "type": "Point",
        "coordinates": [
          145.062088830645,
          -37.5509
        ]
      },
      "properties": {
        "lga": "Whittlesea (C)",
        "osm": 3327768,
        "b40_theft": 48424
      }
    },
    {
      "type": "Feature",
      "geometry": {
        "type": "Point",
        "coordinates": [
          146.905151924332,
          -36.115235
        ]
      },
      "properties": {
        "lga": "Wodonga (RC)",
        "osm": 2377502,
        "b40_theft": 8628
      }
    },
    {
      "type": "Feature",
      "geometry": {
        "type": "Point",
        "coordinates": [
          144.629690349554,
          -37.89289485
        ]
      },
      "properties": {
        "lga": "Wyndham (C)",
        "osm": 2432416,
        "b40_theft": 48108
      }
    },
    {
      "type": "Feature",
      "geometry": {
        "type": "Point",
        "coordinates": [
          144.986540472402,
          -37.80507
        ]
      },
      "properties": {
        "lga": "Yarra (C)",
        "osm": 2404491,
        "b40_theft": 51392
      }
    },
    {
      "type": "Feature",
      "geometry": {
        "type": "Point",
        "coordinates": [
          145.724678533673,
          -37.75058095
        ]
      },
      "properties": {
        "lga": "Yarra Ranges (S)",
        "osm": 3333996,
        "b40_theft": 21435
      }
    },
    {
      "type": "Feature",
      "geometry": {
        "type": "Point",
        "coordinates": [
          142.388504648115,
          -36.0262596
        ]
      },
      "properties": {
        "lga": "Yarriambiack (S)",
        "osm": 3345545,
        "b40_theft": 1320
      }
    },
    {
      "type": "Feature",
      "geometry": {
        "type": "Point",
        "coordinates": [
          145.04102611495,
          -37.898995
        ]
      },
      "properties": {
        "lga": "Glen Eira (C)",
        "osm": 3331087,
        "b40_theft": 22349
      }
    },
    {
      "type": "Feature",
      "geometry": {
        "type": "Point",
        "coordinates": [
          143.838942634228,
          -37.852725
        ]
      },
      "properties": {
        "lga": "Golden Plains (S)",
        "osm": 3290692,
        "b40_theft": 1704
      }
    },
    {
      "type": "Feature",
      "geometry": {
        "type": "Point",
        "coordinates": [
          141.350411420626,
          -37.8908292
        ]
      },
      "properties": {
        "lga": "Glenelg (S)",
        "osm": 3357380,
        "b40_theft": 4115
      }
    },
    {
      "type": "Feature",
      "geometry": {
        "type": "Point",
        "coordinates": [
          144.29032214581,
          -36.723135
        ]
      },
      "properties": {
        "lga": "Greater Bendigo (C)",
        "osm": 3343791,
        "b40_theft": 22433
      }
    },
    {
      "type": "Feature",
      "geometry": {
        "type": "Point",
        "coordinates": [
          145.187402770002,
          -38.0012282
        ]
      },
      "properties": {
        "lga": "Greater Dandenong (C)",
        "osm": 3333235,
        "b40_theft": 50488
      }
    },
    {
      "type": "Feature",
      "geometry": {
        "type": "Point",
        "coordinates": [
          144.387436589543,
          -38.05189
        ]
      },
      "properties": {
        "lga": "Greater Geelong (C)",
        "osm": 2646730,
        "b40_theft": 62375
      }
    }
  ]
}