{
  "type": "FeatureCollection",
  "bbox": [
    140.961681984,
    -39.136740055,
    149.976679008,
    -33.9804255865
  ],
  "crs": {
    "type": "name",
    "properties": {
      "name": "EPSG:4283"
    }
  },
  "features": [
    {
      "type": "Feature",
      "geometry": {
        "type": "Point",
        "coordinates": [
          143.767584849795,
          -37.5194192
        ]
      },
      "properties": {
        "osm": 3291925,
        "theft": 34440,
        "burglary": 11945,
        "total": 100900,
        "b40_theft": 34440,
        "drug": 535,
        "lga": "Ballarat (C)",
        "robery": 333,
        "median_aud": 41752,
        "mean_aud": 50174
      }
    },
    {
      "type": "Feature",
      "geometry": {
        "type": "Point",
        "coordinates": [
          145.0701284,
          -37.7524788
        ]
      },
      "properties": {
        "osm": 2379706,
        "theft": 27324,
        "burglary": 9878,
        "total": 80894,
        "b40_theft": 27324,
        "drug": 468,
        "lga": "Banyule (C)",
        "robery": 444,
        "median_aud": 47550,
        "mean_aud": 60312
      }
    },
    {
      "type": "Feature",
      "geometry": {
        "type": "Point",
        "coordinates": [
          145.609396378691,
          -38.3699422
        ]
      },
      "properties": {
        "osm": 3877880,
        "theft": 6145,
        "burglary": 2401,
        "total": 23741,
        "b40_theft": 6145,
        "drug": 218,
        "lga": "Bass Coast (S)",
        "robery": 43,
        "median_aud": 32944,
        "mean_aud": 40847
      }
    },
    {
      "type": "Feature",
      "geometry": {
        "type": "Point",
        "coordinates": [
          145.463980625,
          -38.493495
        ]
      },
      "properties": {
        "osm": 2462898,
        "theft": 8252,
        "burglary": 2602,
        "total": 29817,
        "b40_theft": 8252,
        "drug": 449,
        "lga": "Baw Baw (S)",
        "robery": 66,
        "median_aud": 38514,
        "mean_aud": 47000
      }
    },
    {
      "type": "Feature",
      "geometry": {
        "type": "Point",
        "coordinates": [
          145.017752562162,
          -37.93978075
        ]
      },
      "properties": {
        "osm": 3333042,
        "theft": 15942,
        "burglary": 6208,
        "total": 42916,
        "b40_theft": 15942,
        "drug": 251,
        "lga": "Bayside (C)",
        "robery": 276,
        "median_aud": 53880,
        "mean_aud": 90428
      }
    },
    {
      "type": "Feature",
      "geometry": {
        "type": "Point",
        "coordinates": [
          145.990987745356,
          -36.570455
        ]
      },
      "properties": {
        "osm": 2556986,
        "theft": 2348,
        "burglary": 842,
        "total": 11170,
        "b40_theft": 2348,
        "drug": 90,
        "lga": "Benalla (RC)",
        "robery": 17,
        "median_aud": 36536,
        "mean_aud": 42132
      }
    },
    {
      "type": "Feature",
      "geometry": {
        "type": "Point",
        "coordinates": [
          145.061203310545,
          -37.8268263
        ]
      },
      "properties": {
        "osm": 2404473,
        "theft": 28779,
        "burglary": 12969,
        "total": 70089,
        "b40_theft": 28779,
        "drug": 307,
        "lga": "Boroondara (C)",
        "robery": 475,
        "median_aud": 53693,
        "mean_aud": 88928
      }
    },
    {
      "type": "Feature",
      "geometry": {
        "type": "Point",
        "coordinates": [
          146.987330873089,
          -36.83381
        ]
      },
      "properties": {
        "osm": 3361217,
        "theft": 1030,
        "burglary": 364,
        "total": 4332,
        "b40_theft": 1030,
        "drug": 57,
        "lga": "Alpine (S)",
        "robery": 1,
        "median_aud": 33533,
        "mean_aud": 39948
      }
    },
    {
      "type": "Feature",
      "geometry": {
        "type": "Point",
        "coordinates": [
          142.983312986577,
          -37.26608
        ]
      },
      "properties": {
        "osm": 3152384,
        "theft": 2149,
        "burglary": 726,
        "total": 10809,
        "b40_theft": 2149,
        "drug": 297,
        "lga": "Ararat (RC)",
        "robery": 7,
        "median_aud": 37391,
        "mean_aud": 42760
      }
    },
    {
      "type": "Feature",
      "geometry": {
        "type": "Point",
        "coordinates": [
          144.805245490836,
          -37.743175
        ]
      },
      "properties": {
        "osm": 3327554,
        "theft": 67055,
        "burglary": 21220,
        "total": 172422,
        "b40_theft": 67055,
        "drug": 2601,
        "lga": "Brimbank (C)",
        "robery": 2394,
        "median_aud": 41045,
        "mean_aud": 46043
      }
    },
    {
      "type": "Feature",
      "geometry": {
        "type": "Point",
        "coordinates": [
          142.992889499804,
          -35.84494485
        ]
      },
      "properties": {
        "osm": 3345547,
        "theft": 727,
        "burglary": 305,
        "total": 2455,
        "b40_theft": 727,
        "drug": 13,
        "lga": "Buloke (S)",
        "robery": 1,
        "median_aud": 35261,
        "mean_aud": 45248
      }
    },
    {
      "type": "Feature",
      "geometry": {
        "type": "Point",
        "coordinates": [
          144.715998419775,
          -36.32070755
        ]
      },
      "properties": {
        "osm": 3347273,
        "theft": 8496,
        "burglary": 3297,
        "total": 27916,
        "b40_theft": 8496,
        "drug": 178,
        "lga": "Campaspe (S)",
        "robery": 50,
        "median_aud": 36792,
        "mean_aud": 42257
      }
    },
    {
      "type": "Feature",
      "geometry": {
        "type": "Point",
        "coordinates": [
          145.421166606992,
          -38.13432
        ]
      },
      "properties": {
        "osm": 2436569,
        "theft": 16461,
        "burglary": 6169,
        "total": 53470,
        "b40_theft": 16461,
        "drug": 391,
        "lga": "Cardinia (S)",
        "robery": 194,
        "median_aud": 43599,
        "mean_aud": 50683
      }
    },
    {
      "type": "Feature",
      "geometry": {
        "type": "Point",
        "coordinates": [
          145.310843428592,
          -38.092765
        ]
      },
      "properties": {
        "osm": 3333276,
        "theft": 59698,
        "burglary": 18297,
        "total": 169158,
        "b40_theft": 59698,
        "drug": 1395,
        "lga": "Casey (C)",
        "robery": 1199,
        "median_aud": 44037,
        "mean_aud": 49897
      }
    },
    {
      "type": "Feature",
      "geometry": {
        "type": "Point",
        "coordinates": [
          143.705967507724,
          -36.9790045
        ]
      },
      "properties": {
        "osm": 3351397,
        "theft": 2306,
        "burglary": 877,
        "total": 10852,
        "b40_theft": 2306,
        "drug": 46,
        "lga": "Central Goldfields (S)",
        "robery": 15,
        "median_aud": 33898,
        "mean_aud": 38357
      }
    },
    {
      "type": "Feature",
      "geometry": {
        "type": "Point",
        "coordinates": [
          143.580636499633,
          -38.339655
        ]
      },
      "properties": {
        "osm": 3145220,
        "theft": 3859,
        "burglary": 1559,
        "total": 15085,
        "b40_theft": 3859,
        "drug": 148,
        "lga": "Colac-Otway (S)",
        "robery": 27,
        "median_aud": 35636,
        "mean_aud": 40797
      }
    },
    {
      "type": "Feature",
      "geometry": {
        "type": "Point",
        "coordinates": [
          143.12738153095,
          -38.216015
        ]
      },
      "properties": {
        "osm": 3291894,
        "theft": 1909,
        "burglary": 980,
        "total": 7375,
        "b40_theft": 1909,
        "drug": 86,
        "lga": "Corangamite (S)",
        "robery": 10,
        "median_aud": 32413,
        "mean_aud": 37335
      }
    },
    {
      "type": "Feature",
      "geometry": {
        "type": "Point",
        "coordinates": [
          145.006957613303,
          -37.738305
        ]
      },
      "properties": {
        "osm": 2404379,
        "theft": 56421,
        "burglary": 17976,
        "total": 130964,
        "b40_theft": 56421,
        "drug": 836,
        "lga": "Darebin (C)",
        "robery": 1232,
        "median_aud": 44838,
        "mean_aud": 54685
      }
    },
    {
      "type": "Feature",
      "geometry": {
        "type": "Point",
        "coordinates": [
          148.508062755235,
          -37.3466157
        ]
      },
      "properties": {
        "osm": 3359756,
        "theft": 8811,
        "burglary": 3054,
        "total": 35868,
        "b40_theft": 8811,
        "drug": 231,
        "lga": "East Gippsland (S)",
        "robery": 83,
        "median_aud": 34232,
        "mean_aud": 41663
      }
    },
    {
      "type": "Feature",
      "geometry": {
        "type": "Point",
        "coordinates": [
          145.174443611654,
          -38.1349849
        ]
      },
      "properties": {
        "osm": 3333252,
        "theft": 44863,
        "burglary": 11457,
        "total": 136277,
        "b40_theft": 44863,
        "drug": 1399,
        "lga": "Frankston (C)",
        "robery": 799,
        "median_aud": 43217,
        "mean_aud": 49419
      }
    },
    {
      "type": "Feature",
      "geometry": {
        "type": "Point",
        "coordinates": [
          144.097709642857,
          -35.71065
        ]
      },
      "properties": {
        "osm": 3100283,
        "theft": 1314,
        "burglary": 548,
        "total": 5795,
        "b40_theft": 1314,
        "drug": 53,
        "lga": "Gannawarra (S)",
        "robery": 4,
        "median_aud": 34224,
        "mean_aud": 39281
      }
    },
    {
      "type": "Feature",
      "geometry": {
        "type": "Point",
        "coordinates": [
          145.415101582579,
          -36.38562435
        ]
      },
      "properties": {
        "osm": 2503027,
        "theft": 17821,
        "burglary": 7364,
        "total": 64584,
        "b40_theft": 17821,
        "drug": 491,
        "lga": "Greater Shepparton (C)",
        "robery": 196,
        "median_aud": 38217,
        "mean_aud": 44568
      }
    },
    {
      "type": "Feature",
      "geometry": {
        "type": "Point",
        "coordinates": [
          144.133503529597,
          -37.309615
        ]
      },
      "properties": {
        "osm": 2756289,
        "theft": 2156,
        "burglary": 1191,
        "total": 7066,
        "b40_theft": 2156,
        "drug": 36,
        "lga": "Hepburn (S)",
        "robery": 13,
        "median_aud": 35332,
        "mean_aud": 44134
      }
    },
    {
      "type": "Feature",
      "geometry": {
        "type": "Point",
        "coordinates": [
          138.5699532,
          -34.9066222
        ]
      },
      "properties": {
        "osm": 8355115,
        "theft": 581,
        "burglary": 261,
        "total": 2566,
        "b40_theft": 581,
        "drug": 13,
        "lga": "Hindmarsh (S)",
        "robery": 2,
        "median_aud": 36161,
        "mean_aud": 42985
      }
    },
    {
      "type": "Feature",
      "geometry": {
        "type": "Point",
        "coordinates": [
          144.836582978282,
          -37.85667205
        ]
      },
      "properties": {
        "osm": 2432415,
        "theft": 25755,
        "burglary": 7101,
        "total": 64294,
        "b40_theft": 25755,
        "drug": 432,
        "lga": "Hobsons Bay (C)",
        "robery": 584,
        "median_aud": 48966,
        "mean_aud": 59588
      }
    },
    {
      "type": "Feature",
      "geometry": {
        "type": "Point",
        "coordinates": [
          142.196293135453,
          -36.7271311
        ]
      },
      "properties": {
        "osm": 3169693,
        "theft": 6141,
        "burglary": 1579,
        "total": 22363,
        "b40_theft": 6141,
        "drug": 154,
        "lga": "Horsham (RC)",
        "robery": 27,
        "median_aud": 40065,
        "mean_aud": 47165
      }
    },
    {
      "type": "Feature",
      "geometry": {
        "type": "Point",
        "coordinates": [
          144.823538850211,
          -37.59706
        ]
      },
      "properties": {
        "osm": 3327634,
        "theft": 56695,
        "burglary": 17374,
        "total": 162341,
        "b40_theft": 56695,
        "drug": 1268,
        "lga": "Hume (C)",
        "robery": 1078,
        "median_aud": 42871,
        "mean_aud": 48699
      }
    },
    {
      "type": "Feature",
      "geometry": {
        "type": "Point",
        "coordinates": [
          146.660922188098,
          -36.2088
        ]
      },
      "properties": {
        "osm": 3365369,
        "theft": 1309,
        "burglary": 585,
        "total": 4713,
        "b40_theft": 1309,
        "drug": 30,
        "lga": "Indigo (S)",
        "robery": 10,
        "median_aud": 40159,
        "mean_aud": 46187
      }
    },
    {
      "type": "Feature",
      "geometry": {
        "type": "Point",
        "coordinates": [
          145.111036933857,
          -38.004705
        ]
      },
      "properties": {
        "osm": 3333046,
        "theft": 35718,
        "burglary": 9870,
        "total": 96721,
        "b40_theft": 35718,
        "drug": 725,
        "lga": "Kingston (C)",
        "robery": 718,
        "median_aud": 45681,
        "mean_aud": 55311
      }
    },
    {
      "type": "Feature",
      "geometry": {
        "type": "Point",
        "coordinates": [
          145.26585722335,
          -37.898995
        ]
      },
      "properties": {
        "osm": 3333971,
        "theft": 36437,
        "burglary": 9206,
        "total": 93941,
        "b40_theft": 36437,
        "drug": 1008,
        "lga": "Knox (C)",
        "robery": 637,
        "median_aud": 44268,
        "mean_aud": 51983
      }
    },
    {
      "type": "Feature",
      "geometry": {
        "type": "Point",
        "coordinates": [
          146.454700982869,
          -38.25394
        ]
      },
      "properties": {
        "osm": 3355071,
        "theft": 24399,
        "burglary": 8468,
        "total": 103722,
        "b40_theft": 24399,
        "drug": 890,
        "lga": "Latrobe (C)",
        "robery": 442,
        "median_aud": 42920,
        "mean_aud": 54392
      }
    },
    {
      "type": "Feature",
      "geometry": {
        "type": "Point",
        "coordinates": [
          143.894002378801,
          -36.403588
        ]
      },
      "properties": {
        "osm": 3344106,
        "theft": 1036,
        "burglary": 500,
        "total": 4115,
        "b40_theft": 1036,
        "drug": 22,
        "lga": "Loddon (S)",
        "robery": 2,
        "median_aud": 33427,
        "mean_aud": 39438
      }
    },
    {
      "type": "Feature",
      "geometry": {
        "type": "Point",
        "coordinates": [
          144.564177799034,
          -37.424285
        ]
      },
      "properties": {
        "osm": 2447705,
        "theft": 4915,
        "burglary": 2020,
        "total": 19786,
        "b40_theft": 4915,
        "drug": 184,
        "lga": "Macedon Ranges (S)",
        "robery": 23,
        "median_aud": 44166,
        "mean_aud": 56659
      }
    },
    {
      "type": "Feature",
      "geometry": {
        "type": "Point",
        "coordinates": [
          145.185160744185,
          -37.757065
        ]
      },
      "properties": {
        "osm": 2405038,
        "theft": 15510,
        "burglary": 5758,
        "total": 40747,
        "b40_theft": 15510,
        "drug": 287,
        "lga": "Manningham (C)",
        "robery": 190,
        "median_aud": 42971,
        "mean_aud": 61069
      }
    },
    {
      "type": "Feature",
      "geometry": {
        "type": "Point",
        "coordinates": [
          146.029357575641,
          -37.046085
        ]
      },
      "properties": {
        "osm": 2530933,
        "theft": 1274,
        "burglary": 404,
        "total": 4629,
        "b40_theft": 1274,
        "drug": 32,
        "lga": "Mansfield (S)",
        "robery": 3,
        "median_aud": 31787,
        "mean_aud": 39911
      }
    },
    {
      "type": "Feature",
      "geometry": {
        "type": "Point",
        "coordinates": [
          144.874426186247,
          -37.79163
        ]
      },
      "properties": {
        "osm": 3330965,
        "theft": 38384,
        "burglary": 9546,
        "total": 85464,
        "b40_theft": 38384,
        "drug": 1922,
        "lga": "Maribyrnong (C)",
        "robery": 1305,
        "median_aud": 46544,
        "mean_aud": 55066
      }
    },
    {
      "type": "Feature",
      "geometry": {
        "type": "Point",
        "coordinates": [
          145.261326722426,
          -37.80380345
        ]
      },
      "properties": {
        "osm": 3333992,
        "theft": 25404,
        "burglary": 6375,
        "total": 71860,
        "b40_theft": 25404,
        "drug": 581,
        "lga": "Maroondah (C)",
        "robery": 475,
        "median_aud": 44991,
        "mean_aud": 53045
      }
    },
    {
      "type": "Feature",
      "geometry": {
        "type": "Point",
        "coordinates": [
          144.9631608,
          -37.8142176
        ]
      },
      "properties": {
        "osm": 2404870,
        "theft": 122883,
        "burglary": 17452,
        "total": 331975,
        "b40_theft": 122883,
        "drug": 3213,
        "lga": "Melbourne (C)",
        "robery": 3287,
        "median_aud": 47005,
        "mean_aud": 67542
      }
    },
    {
      "type": "Feature",
      "geometry": {
        "type": "Point",
        "coordinates": [
          144.635894093768,
          -37.681895
        ]
      },
      "properties": {
        "osm": 3327545,
        "theft": 31321,
        "burglary": 11323,
        "total": 84489,
        "b40_theft": 31321,
        "drug": 754,
        "lga": "Melton (S)",
        "robery": 529,
        "median_aud": 46306,
        "mean_aud": 51409
      }
    },
    {
      "type": "Feature",
      "geometry": {
        "type": "Point",
        "coordinates": [
          142.135431109256,
          -34.2110783
        ]
      },
      "properties": {
        "osm": 3116010,
        "theft": 14870,
        "burglary": 6827,
        "total": 55985,
        "b40_theft": 14870,
        "drug": 528,
        "lga": "Mildura (RC)",
        "robery": 201,
        "median_aud": 38097,
        "mean_aud": 43928
      }
    },
    {
      "type": "Feature",
      "geometry": {
        "type": "Point",
        "coordinates": [
          144.976479175449,
          -37.174675
        ]
      },
      "properties": {
        "osm": 3327815,
        "theft": 7033,
        "burglary": 2400,
        "total": 31602,
        "b40_theft": 7033,
        "drug": 215,
        "lga": "Mitchell (S)",
        "robery": 71,
        "median_aud": 43912,
        "mean_aud": 50021
      }
    },
    {
      "type": "Feature",
      "geometry": {
        "type": "Point",
        "coordinates": [
          145.580841115311,
          -36.05066
        ]
      },
      "properties": {
        "osm": 3365119,
        "theft": 3892,
        "burglary": 1759,
        "total": 15103,
        "b40_theft": 3892,
        "drug": 198,
        "lga": "Moira (S)",
        "robery": 18,
        "median_aud": 35558,
        "mean_aud": 40900
      }
    },
    {
      "type": "Feature",
      "geometry": {
        "type": "Point",
        "coordinates": [
          145.141285869959,
          -37.896766
        ]
      },
      "properties": {
        "osm": 2905535,
        "theft": 37673,
        "burglary": 13726,
        "total": 93195,
        "b40_theft": 37673,
        "drug": 543,
        "lga": "Monash (C)",
        "robery": 1033,
        "median_aud": 42029,
        "mean_aud": 54247
      }
    },
    {
      "type": "Feature",
      "geometry": {
        "type": "Point",
        "coordinates": [
          144.88748113173,
          -37.749525
        ]
      },
      "properties": {
        "osm": 3329056,
        "theft": 33413,
        "burglary": 9071,
        "total": 81778,
        "b40_theft": 33413,
        "drug": 675,
        "lga": "Moonee Valley (C)",
        "robery": 891,
        "median_aud": 49892,
        "mean_aud": 63628
      }
    },
    {
      "type": "Feature",
      "geometry": {
        "type": "Point",
        "coordinates": [
          144.216556420886,
          -37.63360615
        ]
      },
      "properties": {
        "osm": 3291957,
        "theft": 5696,
        "burglary": 2054,
        "total": 17394,
        "b40_theft": 5696,
        "drug": 159,
        "lga": "Moorabool (S)",
        "robery": 31,
        "median_aud": 44775,
        "mean_aud": 52610
      }
    },
    {
      "type": "Feature",
      "geometry": {
        "type": "Point",
        "coordinates": [
          144.955800803601,
          -37.735535
        ]
      },
      "properties": {
        "osm": 3327767,
        "theft": 49655,
        "burglary": 15944,
        "total": 118663,
        "b40_theft": 49655,
        "drug": 793,
        "lga": "Moreland (C)",
        "robery": 1156,
        "median_aud": 45223,
        "mean_aud": 53748
      }
    },
    {
      "type": "Feature",
      "geometry": {
        "type": "Point",
        "coordinates": [
          145.088543163317,
          -38.243315
        ]
      },
      "properties": {
        "osm": 3892947,
        "theft": 30743,
        "burglary": 11828,
        "total": 96901,
        "b40_theft": 30743,
        "drug": 815,
        "lga": "Mornington Peninsula (S)",
        "robery": 276,
        "median_aud": 39518,
        "mean_aud": 53281
      }
    },
    {
      "type": "Feature",
      "geometry": {
        "type": "Point",
        "coordinates": [
          144.275805877096,
          -37.07579
        ]
      },
      "properties": {
        "osm": 3339104,
        "theft": 2529,
        "burglary": 857,
        "total": 9981,
        "b40_theft": 2529,
        "drug": 83,
        "lga": "Mount Alexander (S)",
        "robery": 33,
        "median_aud": 35875,
        "mean_aud": 43445
      }
    },
    {
      "type": "Feature",
      "geometry": {
        "type": "Point",
        "coordinates": [
          142.371999096316,
          -38.18755
        ]
      },
      "properties": {
        "osm": 3347615,
        "theft": 1574,
        "burglary": 542,
        "total": 5716,
        "b40_theft": 1574,
        "drug": 67,
        "lga": "Moyne (S)",
        "robery": 8,
        "median_aud": 34911,
        "mean_aud": 40660
      }
    },
    {
      "type": "Feature",
      "geometry": {
        "type": "Point",
        "coordinates": [
          145.553463169619,
          -37.28146
        ]
      },
      "properties": {
        "osm": 2454132,
        "theft": 1877,
        "burglary": 744,
        "total": 6930,
        "b40_theft": 1877,
        "drug": 37,
        "lga": "Murrindindi (S)",
        "robery": 5,
        "median_aud": 35315,
        "mean_aud": 42323
      }
    },
    {
      "type": "Feature",
      "geometry": {
        "type": "Point",
        "coordinates": [
          145.244973270168,
          -37.614905
        ]
      },
      "properties": {
        "osm": 3331023,
        "theft": 7053,
        "burglary": 2503,
        "total": 21643,
        "b40_theft": 7053,
        "drug": 101,
        "lga": "Nillumbik (S)",
        "robery": 71,
        "median_aud": 48285,
        "mean_aud": 63696
      }
    },
    {
      "type": "Feature",
      "geometry": {
        "type": "Point",
        "coordinates": [
          143.022667039474,
          -36.84963
        ]
      },
      "properties": {
        "osm": 3348880,
        "theft": 1875,
        "burglary": 669,
        "total": 11458,
        "b40_theft": 1875,
        "drug": 212,
        "lga": "Northern Grampians (S)",
        "robery": 9,
        "median_aud": 36896,
        "mean_aud": 42829
      }
    },
    {
      "type": "Feature",
      "geometry": {
        "type": "Point",
        "coordinates": [
          144.982940539032,
          -37.858645
        ]
      },
      "properties": {
        "osm": 2404889,
        "theft": 45611,
        "burglary": 11363,
        "total": 114495,
        "b40_theft": 45611,
        "drug": 1049,
        "lga": "Port Phillip (C)",
        "robery": 1040,
        "median_aud": 57033,
        "mean_aud": 80212
      }
    },
    {
      "type": "Feature",
      "geometry": {
        "type": "Point",
        "coordinates": [
          143.424056053876,
          -37.32798315
        ]
      },
      "properties": {
        "osm": 3291903,
        "theft": 1135,
        "burglary": 598,
        "total": 3803,
        "b40_theft": 1135,
        "drug": 45,
        "lga": "Pyrenees (S)",
        "robery": 2,
        "median_aud": 31370,
        "mean_aud": 36188
      }
    },
    {
      "type": "Feature",
      "geometry": {
        "type": "Point",
        "coordinates": [
          144.664295624918,
          -38.2652212
        ]
      },
      "properties": {
        "osm": 3290265,
        "theft": 1036,
        "burglary": 256,
        "total": 1822,
        "b40_theft": 1036,
        "drug": null,
        "lga": "Queenscliffe (B)",
        "robery": 1,
        "median_aud": 35200,
        "mean_aud": 57701
      }
    },
    {
      "type": "Feature",
      "geometry": {
        "type": "Point",
        "coordinates": [
          146.016769147163,
          -38.69907
        ]
      },
      "properties": {
        "osm": 3335917,
        "theft": 2956,
        "burglary": 1417,
        "total": 12306,
        "b40_theft": 2956,
        "drug": 123,
        "lga": "South Gippsland (S)",
        "robery": 18,
        "median_aud": 33587,
        "mean_aud": 40966
      }
    },
    {
      "type": "Feature",
      "geometry": {
        "type": "Point",
        "coordinates": [
          141.958050868498,
          -37.52826
        ]
      },
      "properties": {
        "osm": 3349959,
        "theft": 2268,
        "burglary": 694,
        "total": 10316,
        "b40_theft": 2268,
        "drug": 82,
        "lga": "Southern Grampians (S)",
        "robery": 9,
        "median_aud": 35183,
        "mean_aud": 40876
      }
    },
    {
      "type": "Feature",
      "geometry": {
        "type": "Point",
        "coordinates": [
          145.03914073484,
          -37.8613851
        ]
      },
      "properties": {
        "osm": 2404995,
        "theft": 40237,
        "burglary": 11197,
        "total": 94811,
        "b40_theft": 40237,
        "drug": 846,
        "lga": "Stonnington (C)",
        "robery": 705,
        "median_aud": 57250,
        "mean_aud": 95625
      }
    },
    {
      "type": "Feature",
      "geometry": {
        "type": "Point",
        "coordinates": [
          145.752216894947,
          -36.86939
        ]
      },
      "properties": {
        "osm": 2530935,
        "theft": 1427,
        "burglary": 577,
        "total": 4983,
        "b40_theft": 1427,
        "drug": 44,
        "lga": "Strathbogie (S)",
        "robery": 40,
        "median_aud": 35131,
        "mean_aud": 40192
      }
    },
    {
      "type": "Feature",
      "geometry": {
        "type": "Point",
        "coordinates": [
          144.097826495114,
          -38.3397143
        ]
      },
      "properties": {
        "osm": 3290432,
        "theft": 4884,
        "burglary": 1793,
        "total": 13058,
        "b40_theft": 4884,
        "drug": 64,
        "lga": "Surf Coast (S)",
        "robery": 23,
        "median_aud": 39874,
        "mean_aud": 54030
      }
    },
    {
      "type": "Feature",
      "geometry": {
        "type": "Point",
        "coordinates": [
          143.512686496089,
          -35.36206
        ]
      },
      "properties": {
        "osm": 3106206,
        "theft": 4142,
        "burglary": 1471,
        "total": 20589,
        "b40_theft": 4142,
        "drug": 268,
        "lga": "Swan Hill (RC)",
        "robery": 49,
        "median_aud": 37859,
        "mean_aud": 45067
      }
    },
    {
      "type": "Feature",
      "geometry": {
        "type": "Point",
        "coordinates": [
          147.602555922733,
          -36.3659675
        ]
      },
      "properties": {
        "osm": 3361220,
        "theft": 546,
        "burglary": 196,
        "total": 2298,
        "b40_theft": 546,
        "drug": 4,
        "lga": "Towong (S)",
        "robery": 1,
        "median_aud": 34232,
        "mean_aud": 41415
      }
    },
    {
      "type": "Feature",
      "geometry": {
        "type": "Point",
        "coordinates": [
          146.312025888889,
          -36.3653
        ]
      },
      "properties": {
        "osm": 2562060,
        "theft": 5236,
        "burglary": 1197,
        "total": 22610,
        "b40_theft": 5236,
        "drug": 477,
        "lga": "Wangaratta (RC)",
        "robery": 20,
        "median_aud": 37286,
        "mean_aud": 43978
      }
    },
    {
      "type": "Feature",
      "geometry": {
        "type": "Point",
        "coordinates": [
          142.486467125823,
          -38.369875
        ]
      },
      "properties": {
        "osm": 3161053,
        "theft": 5700,
        "burglary": 2004,
        "total": 27566,
        "b40_theft": 5700,
        "drug": 473,
        "lga": "Warrnambool (C)",
        "robery": 69,
        "median_aud": 40791,
        "mean_aud": 47698
      }
    },
    {
      "type": "Feature",
      "geometry": {
        "type": "Point",
        "coordinates": [
          146.925931320949,
          -37.95551
        ]
      },
      "properties": {
        "osm": 3351438,
        "theft": 8954,
        "burglary": 4400,
        "total": 35618,
        "b40_theft": 8954,
        "drug": 217,
        "lga": "Wellington (S)",
        "robery": 56,
        "median_aud": 38143,
        "mean_aud": 49516
      }
    },
    {
      "type": "Feature",
      "geometry": {
        "type": "Point",
        "coordinates": [
          141.40117997583,
          -36.57850645
        ]
      },
      "properties": {
        "osm": 3345520,
        "theft": 375,
        "burglary": 132,
        "total": 1468,
        "b40_theft": 375,
        "drug": 9,
        "lga": "West Wimmera (S)",
        "robery": null,
        "median_aud": 35205,
        "mean_aud": 42467
      }
    },
    {
      "type": "Feature",
      "geometry": {
        "type": "Point",
        "coordinates": [
          145.156434400288,
          -37.8285963
        ]
      },
      "properties": {
        "osm": 2406273,
        "theft": 29151,
        "burglary": 10052,
        "total": 71916,
        "b40_theft": 29151,
        "drug": 414,
        "lga": "Whitehorse (C)",
        "robery": 757,
        "median_aud": 43563,
        "mean_aud": 56919
      }
    },
    {
      "type": "Feature",
      "geometry": {
        "type": "Point",
        "coordinates": [
          145.062088830645,
          -37.5509
        ]
      },
      "properties": {
        "osm": 3327768,
        "theft": 48424,
        "burglary": 14419,
        "total": 121655,
        "b40_theft": 48424,
        "drug": 1014,
        "lga": "Whittlesea (C)",
        "robery": 651,
        "median_aud": 43779,
        "mean_aud": 48945
      }
    },
    {
      "type": "Feature",
      "geometry": {
        "type": "Point",
        "coordinates": [
          146.905151924332,
          -36.115235
        ]
      },
      "properties": {
        "osm": 2377502,
        "theft": 8628,
        "burglary": 2907,
        "total": 29473,
        "b40_theft": 8628,
        "drug": 265,
        "lga": "Wodonga (RC)",
        "robery": 69,
        "median_aud": 43881,
        "mean_aud": 48500
      }
    },
    {
      "type": "Feature",
      "geometry": {
        "type": "Point",
        "coordinates": [
          144.629690349554,
          -37.89289485
        ]
      },
      "properties": {
        "osm": 2432416,
        "theft": 48108,
        "burglary": 16588,
        "total": 119595,
        "b40_theft": 48108,
        "drug": 813,
        "lga": "Wyndham (C)",
        "robery": 971,
        "median_aud": 47073,
        "mean_aud": 52959
      }
    },
    {
      "type": "Feature",
      "geometry": {
        "type": "Point",
        "coordinates": [
          144.986540472402,
          -37.80507
        ]
      },
      "properties": {
        "osm": 2404491,
        "theft": 51392,
        "burglary": 12688,
        "total": 121181,
        "b40_theft": 51392,
        "drug": 1781,
        "lga": "Yarra (C)",
        "robery": 1361,
        "median_aud": 54499,
        "mean_aud": 72223
      }
    },
    {
      "type": "Feature",
      "geometry": {
        "type": "Point",
        "coordinates": [
          145.724678533673,
          -37.75058095
        ]
      },
      "properties": {
        "osm": 3333996,
        "theft": 21435,
        "burglary": 7129,
        "total": 68644,
        "b40_theft": 21435,
        "drug": 527,
        "lga": "Yarra Ranges (S)",
        "robery": 325,
        "median_aud": 42399,
        "mean_aud": 50799
      }
    },
    {
      "type": "Feature",
      "geometry": {
        "type": "Point",
        "coordinates": [
          142.388504648115,
          -36.0262596
        ]
      },
      "properties": {
        "osm": 3345545,
        "theft": 1320,
        "burglary": 402,
        "total": 4213,
        "b40_theft": 1320,
        "drug": 22,
        "lga": "Yarriambiack (S)",
        "robery": 2,
        "median_aud": 40182,
        "mean_aud": 52735
      }
    },
    {
      "type": "Feature",
      "geometry": {
        "type": "Point",
        "coordinates": [
          145.04102611495,
          -37.898995
        ]
      },
      "properties": {
        "osm": 3331087,
        "theft": 22349,
        "burglary": 9073,
        "total": 60615,
        "b40_theft": 22349,
        "drug": 435,
        "lga": "Glen Eira (C)",
        "robery": 584,
        "median_aud": 49300,
        "mean_aud": 66987
      }
    },
    {
      "type": "Feature",
      "geometry": {
        "type": "Point",
        "coordinates": [
          143.838942634228,
          -37.852725
        ]
      },
      "properties": {
        "osm": 3290692,
        "theft": 1704,
        "burglary": 1092,
        "total": 5347,
        "b40_theft": 1704,
        "drug": 40,
        "lga": "Golden Plains (S)",
        "robery": 2,
        "median_aud": 41584,
        "mean_aud": 48195
      }
    },
    {
      "type": "Feature",
      "geometry": {
        "type": "Point",
        "coordinates": [
          141.350411420626,
          -37.8908292
        ]
      },
      "properties": {
        "osm": 3357380,
        "theft": 4115,
        "burglary": 1513,
        "total": 15400,
        "b40_theft": 4115,
        "drug": 150,
        "lga": "Glenelg (S)",
        "robery": 25,
        "median_aud": 37408,
        "mean_aud": 45862
      }
    },
    {
      "type": "Feature",
      "geometry": {
        "type": "Point",
        "coordinates": [
          144.29032214581,
          -36.723135
        ]
      },
      "properties": {
        "osm": 3343791,
        "theft": 22433,
        "burglary": 6551,
        "total": 77741,
        "b40_theft": 22433,
        "drug": 769,
        "lga": "Greater Bendigo (C)",
        "robery": 238,
        "median_aud": 40894,
        "mean_aud": 48046
      }
    },
    {
      "type": "Feature",
      "geometry": {
        "type": "Point",
        "coordinates": [
          145.187402770002,
          -38.0012282
        ]
      },
      "properties": {
        "osm": 3333235,
        "theft": 50488,
        "burglary": 15646,
        "total": 158505,
        "b40_theft": 50488,
        "drug": 1747,
        "lga": "Greater Dandenong (C)",
        "robery": 1606,
        "median_aud": 37724,
        "mean_aud": 41693
      }
    },
    {
      "type": "Feature",
      "geometry": {
        "type": "Point",
        "coordinates": [
          144.387436589543,
          -38.05189
        ]
      },
      "properties": {
        "osm": 2646730,
        "theft": 62375,
        "burglary": 23022,
        "total": 172017,
        "b40_theft": 62375,
        "drug": 1077,
        "lga": "Greater Geelong (C)",
        "robery": 774,
        "median_aud": 42365,
        "mean_aud": 51929
      }
    }
  ]
}